{"cameraMode":{"drawMode":0,"name":"Shaded","section":"Shading Mode"},"sceneLighting":true,"audioPlay":false,"sceneViewState":{"showFog":true,"showMaterialUpdate":false,"showSkybox":true,"showFlares":true,"showImageEffects":true,"showParticleSystems":true},"in2DMode":false,"pivot":{"x":14.1171875,"y":-0.0068359375,"z":-7.9619140625},"rotation":{"x":-0.055470455437898639,"y":-0.005990978330373764,"z":-0.0003326577425468713,"w":0.9984422922134399},"size":17.721960067749025,"orthographic":true}